Campaign,Keyword,Criterion Type
Relais — Parents France,emploi,Negative Phrase
Relais — Parents France,offre d'emploi,Negative Phrase
Relais — Parents France,recrutement,Negative Phrase
Relais — Parents France,job,Negative Phrase
Relais — Parents France,salaire,Negative Phrase
Relais — Parents France,cdi,Negative Phrase
Relais — Parents France,cdd,Negative Phrase
Relais — Parents France,intérim,Negative Phrase
Relais — Parents France,stage,Negative Phrase
Relais — Parents France,alternance,Negative Phrase
Relais — Parents France,formation,Negative Phrase
Relais — Parents France,diplôme,Negative Phrase
Relais — Parents France,concours,Negative Phrase
Relais — Parents France,école,Negative Phrase
Relais — Parents France,cours,Negative Phrase
Relais — Parents France,bts,Negative Phrase
Relais — Parents France,licence,Negative Phrase
Relais — Parents France,master,Negative Phrase
Relais — Parents France,fiche métier,Negative Phrase
Relais — Parents France,devenir,Negative Phrase
Relais — Parents France,reconversion,Negative Phrase
Relais — Parents France,gratuit,Negative Phrase
Relais — Parents France,gratuite,Negative Phrase
Relais — Parents France,gratuitement,Negative Phrase
Relais — Parents France,bénévole,Negative Phrase
Relais — Parents France,bénévolat,Negative Phrase
Relais — Parents France,association,Negative Phrase
Relais — Parents France,ccas,Negative Phrase
Relais — Parents France,mairie,Negative Phrase
Relais — Parents France,assistante sociale,Negative Phrase
Relais — Parents France,maison france services,Negative Phrase
Relais — Parents France,france services,Negative Phrase
Relais — Parents France,point info,Negative Phrase
Relais — Parents France,tutelle judiciaire,Negative Phrase
Relais — Parents France,curatelle,Negative Phrase
Relais — Parents France,juge des tutelles,Negative Phrase
Relais — Parents France,juge des contentieux,Negative Phrase
Relais — Parents France,avocat,Negative Phrase
Relais — Parents France,notaire,Negative Phrase
Relais — Parents France,huissier,Negative Phrase
Relais — Parents France,tribunal,Negative Phrase
Relais — Parents France,jurisprudence,Negative Phrase
Relais — Parents France,procès,Negative Phrase
Relais — Parents France,plainte,Negative Phrase
Relais — Parents France,abus de faiblesse,Negative Phrase
Relais — Parents France,mandataire judiciaire,Negative Phrase
Relais — Parents France,mjpm,Negative Phrase
Relais — Parents France,habilitation familiale,Negative Phrase
Relais — Parents France,mandat de protection future,Negative Phrase
Relais — Parents France,mandat de protection,Negative Phrase
Relais — Parents France,logiciel,Negative Phrase
Relais — Parents France,application,Negative Phrase
Relais — Parents France,appli,Negative Phrase
Relais — Parents France,télécharger,Negative Phrase
Relais — Parents France,pdf,Negative Phrase
Relais — Parents France,modèle,Negative Phrase
Relais — Parents France,modele,Negative Phrase
Relais — Parents France,exemple,Negative Phrase
Relais — Parents France,lettre type,Negative Phrase
Relais — Parents France,formulaire,Negative Phrase
Relais — Parents France,cerfa,Negative Phrase
Relais — Parents France,définition,Negative Phrase
Relais — Parents France,wikipedia,Negative Phrase
Relais — Parents France,forum,Negative Phrase
Relais — Parents France,avis,Negative Phrase
Relais — Parents France,belgique administratif,Negative Phrase
Relais — Parents France,suisse administratif,Negative Phrase
Relais — Parents France,québec,Negative Phrase
Relais — Parents France,auto-entrepreneur,Negative Phrase
Relais — Parents France,entreprise,Negative Phrase
Relais — Parents France,société,Negative Phrase
Relais — Parents France,comptable,Negative Phrase
Relais — Parents France,secrétaire,Negative Phrase
Relais — Parents France,assistante de direction,Negative Phrase
Relais — Parents France,domiciliation entreprise,Negative Phrase
Relais — Parents France,infirmier,Negative Phrase
Relais — Parents France,infirmière,Negative Phrase
Relais — Parents France,médecin,Negative Phrase
Relais — Parents France,soins,Negative Phrase
Relais — Parents France,toilette,Negative Phrase
Relais — Parents France,ménage,Negative Phrase
Relais — Parents France,courses,Negative Phrase
Relais — Parents France,portage repas,Negative Phrase
Relais — Parents France,téléassistance,Negative Phrase
Relais — Parents France,maison de retraite prix,Negative Phrase
Relais — Parents France,vente,Negative Phrase
Relais — Parents France,achat,Negative Phrase
Relais — Parents France,immobilier,Negative Phrase
Relais — Parents France,viager,Negative Phrase
Relais — Parents France,livre,Negative Phrase
Relais — Parents France,film,Negative Phrase
Relais — Parents France,série,Negative Phrase
Relais — Parents France,traduction,Negative Phrase
Relais — Parents France,anglais,Negative Phrase
